{
  "ham": 0.7337662337662337,
  "spam": 0.2662337662337662
}