{"ham": 0.7075892857142857, "spam": 0.2924107142857143}