{"ham": 0.2518939393939394, "spam": 0.7481060606060606}